model,col,AUC,AP,Brier
TAB raw,p_tab_raw,0.7575476471580367,0.5880801367949346,0.2719570952812799
TAB sigmoid,p_tab_sigmoid,0.7518844791572065,0.5791292027343563,0.16197999353508244
ENS (stacking meta-OOF),p_ens,0.759007226539694,0.5773231472859999,0.19091924526128357
LR sigmoid,p_lr_sigmoid,0.7562437562437563,0.5745958250200909,0.16178621303250706
LR raw,p_lr_raw,0.7572816793596013,0.5667244467438205,0.19131114134634125
XGB isotonic,p_xgb_isotonic,0.7297572557312817,0.5406188301610388,0.167649620382862
XGB raw,p_xgb_raw,0.7235167429972624,0.5356730710082842,0.1971433481637275
